"","topic","country","ngo","authorDisplayName","authorProfileImageUrl","authorChannelUrl","authorChannelId.value","videoId","textDisplay","textOriginal","canRate","viewerRating","likeCount","publishedAt","updatedAt","error","moderationStatus"
"1","migration","pl","nomadango","Pan Fuczkowiecki","https://yt3.ggpht.com/-_pyMV_2x0uc/AAAAAAAAAAI/AAAAAAAAAAA/6642uWOWnrc/s28-c-k-no-mo-rj-c0xffffff/photo.jpg","http://www.youtube.com/channel/UCQgmYCBoXGWDm6g1Z8Hy2Xw","UCQgmYCBoXGWDm6g1Z8Hy2Xw","fyaHMK7PNdE","Istnieje wiele bezpiecznych i bli≈ºszych  kraj√≥w na bliskim wschodzie wiƒôc po co emigrujƒÖ a≈º do Europy? Arabia Saudyjska jest Islamska bogata i bliska wiƒôc co oni tutaj robiƒÖ ?","Istnieje wiele bezpiecznych i bli≈ºszych  kraj√≥w na bliskim wschodzie wiƒôc po co emigrujƒÖ a≈º do Europy? Arabia Saudyjska jest Islamska bogata i bliska wiƒôc co oni tutaj robiƒÖ ?","TRUE","none","0",2016-05-13 17:28:58,2016-05-13 17:28:58,NA,NA
"2","migration","pl","nomadango","Franz Maurer","https://yt3.ggpht.com/-W78fCOAxiHI/AAAAAAAAAAI/AAAAAAAAAAA/LVuxlv9khlM/s28-c-k-no-mo-rj-c0xffffff/photo.jpg","http://www.youtube.com/channel/UCheKUEltMIGzIFsWutPMw8g","UCheKUEltMIGzIFsWutPMw8g","fyaHMK7PNdE","WYPIERDALAƒÜ!","WYPIERDALAƒÜ!","TRUE","none","0",2016-05-12 14:33:36,2016-05-12 14:33:36,NA,NA
"3","migration","pl","nomadango","Artur Kwiatkowski","https://yt3.ggpht.com/-T3hpdyCbgO8/AAAAAAAAAAI/AAAAAAAAAAA/mSYRyBhhBYY/s28-c-k-no-mo-rj-c0xffffff/photo.jpg","http://www.youtube.com/channel/UCtsoPEbT90vSM2QCy99DpmA","UCtsoPEbT90vSM2QCy99DpmA","fyaHMK7PNdE","Co to za ch≈Çam ? <br />Polska ca≈Ça tylko bia≈Ça!<br />Nie chcemy tutaj takich eksces√≥w jak na zachodzie.","Co to za ch≈Çam ? 
Polska ca≈Ça tylko bia≈Ça!
Nie chcemy tutaj takich eksces√≥w jak na zachodzie.","TRUE","none","2",2016-05-12 11:38:13,2016-05-12 11:38:13,NA,NA
"4","migration","pl","PolAkHum","Ela Demus","https://yt3.ggpht.com/-_qqxcKDmyPE/AAAAAAAAAAI/AAAAAAAAAAA/ghYWM2EHO3Y/s28-c-k-no-mo-rj-c0xffffff/photo.jpg","http://www.youtube.com/channel/UCpLYh3aIb9TnbcHcASceyRw","UCpLYh3aIb9TnbcHcASceyRw","ziR7GARforE","Thank you so much for your activity. I support your aid  and I will support - as far as my modest possibilities allow me.","Thank you so much for your activity. I support your aid  and I will support - as far as my modest possibilities allow me.","TRUE","none","0",2018-02-22 14:25:54,2018-02-22 14:25:54,NA,NA
"5","migration","pl","aipoland","AsikkRambo","https://yt3.ggpht.com/-uD7wpNP-l2s/AAAAAAAAAAI/AAAAAAAAAAA/MiZJxOjMrqI/s28-c-k-no-mo-rj-c0xffffff/photo.jpg","http://www.youtube.com/channel/UCvrEQqeLoLPUm4-LmEelhIg","UCvrEQqeLoLPUm4-LmEelhIg","LNFZr56zoow","Warto pamiƒôtaƒá, ≈ºe prawdziwa skala problemu jest o wiele wiƒôksza.","Warto pamiƒôtaƒá, ≈ºe prawdziwa skala problemu jest o wiele wiƒôksza.","TRUE","none","0",2018-02-12 17:58:47,2018-02-12 17:58:47,NA,NA
"6","migration","pl","aipoland","Dominik Wyle≈ºo≈Ç","https://yt3.ggpht.com/-HtmLgx1MINw/AAAAAAAAAAI/AAAAAAAAAAA/9b6jzuOzfCc/s28-c-k-no-mo-rj-c0xffffff/photo.jpg","http://www.youtube.com/channel/UCGQshYNsCeszF91mfdEvS7A","UCGQshYNsCeszF91mfdEvS7A","-WX5fl5Z-Pc","‚ò∫","‚ò∫","TRUE","none","0",2017-12-20 17:35:18,2017-12-20 17:35:18,NA,NA
"7","migration","pl","aipoland","Dominik Wyle≈ºo≈Ç","https://yt3.ggpht.com/-HtmLgx1MINw/AAAAAAAAAAI/AAAAAAAAAAA/9b6jzuOzfCc/s28-c-k-no-mo-rj-c0xffffff/photo.jpg","http://www.youtube.com/channel/UCGQshYNsCeszF91mfdEvS7A","UCGQshYNsCeszF91mfdEvS7A","va-r8zs75vk","0","0","TRUE","none","0",2017-12-07 19:25:20,2017-12-07 19:25:20,NA,NA
"8","migration","pl","UCfHDqu3GF5ZqbUentM_f5xg","Civil Border Patrol","https://yt3.ggpht.com/-Y5jrNPvePyk/AAAAAAAAAAI/AAAAAAAAAAA/M1n6Lpt7XN4/s28-c-k-no-mo-rj-c0xffffff/photo.jpg","http://www.youtube.com/channel/UCT4z5f8PwZeOIIKTDWzH6sw","UCT4z5f8PwZeOIIKTDWzH6sw","Tm8zpLW5Zmc","No skoro ratownicy powiedzieli, ≈ºe nic siƒô nie sta≈Ço, to ja im wierzƒô","No skoro ratownicy powiedzieli, ≈ºe nic siƒô nie sta≈Ço, to ja im wierzƒô","TRUE","none","0",2017-04-07 18:12:33,2017-04-07 18:12:33,NA,NA
"9","migration","pl","UCfHDqu3GF5ZqbUentM_f5xg","hawaiian108","https://yt3.ggpht.com/-36MEw96Fvj4/AAAAAAAAAAI/AAAAAAAAAAA/mNKbTMcl89A/s28-c-k-no-mo-rj-c0xffffff/photo.jpg","http://www.youtube.com/channel/UCc-c7ojAa8qSLNrhPIffg1w","UCc-c7ojAa8qSLNrhPIffg1w","SJqQHLX8eI8","wypier...c ich wszystkich, razem z fundacja.","wypier...c ich wszystkich, razem z fundacja.","TRUE","none","0",2017-04-07 07:26:25,2017-04-07 07:26:25,NA,NA
"10","migration","pl","UCfHDqu3GF5ZqbUentM_f5xg","Anna N.","https://yt3.ggpht.com/-sv8Xb70wil8/AAAAAAAAAAI/AAAAAAAAAAA/GcHfKo8onI8/s28-c-k-no-mo-rj-c0xffffff/photo.jpg","http://www.youtube.com/channel/UC4J_1nj8QTYrs_P90vri9cg","UC4J_1nj8QTYrs_P90vri9cg","nUyeyX69C0E","Fundacja ocalenie to bezczelna niemiecka fundacja handlujƒÖca ≈ºywym towarem za≈Ço≈ºona przez Sorosa i majƒÖca na celu sprowadzenie be≈ºowych do Polski. Apelujmy do rzƒÖdu o zdelegalizowanie szwab√≥w w Polsce zanim bƒôdziemy ciƒô≈ºko ≈ºa≈Çowaƒá swojej g≈Çupoty. <br />Nie dajcie siƒô Polacy zba≈Çamuciƒá oszustom podszywajƒÖcym siƒô pod zbawicieli, to sƒÖ przestƒôpcy wg polskiego prawa. Strona ocaleni musi zostaƒá zamkniƒôta, posz≈Çy ju≈º listy w tej sprawie do Ministra Ziobro. Tu link o tej fundacji:   <a href=""http://niezalezna.pl/97492-chca-sciagac-imigrantow-do-polski-kto-finansuje-tajemniczy-projekt-refugees-welcome-polska#comment-4436712"">http://niezalezna.pl/97492-chca-sciagac-imigrantow-do-polski-kto-finansuje-tajemniczy-projekt-refugees-welcome-polska#comment-4436712</a>, podawajcie dalej. Polacy muszƒÖ wiedzieƒá jak szwaby piorƒÖ im m√≥zgi.","Fundacja ocalenie to bezczelna niemiecka fundacja handlujƒÖca ≈ºywym towarem za≈Ço≈ºona przez Sorosa i majƒÖca na celu sprowadzenie be≈ºowych do Polski. Apelujmy do rzƒÖdu o zdelegalizowanie szwab√≥w w Polsce zanim bƒôdziemy ciƒô≈ºko ≈ºa≈Çowaƒá swojej g≈Çupoty. 
Nie dajcie siƒô Polacy zba≈Çamuciƒá oszustom podszywajƒÖcym siƒô pod zbawicieli, to sƒÖ przestƒôpcy wg polskiego prawa. Strona ocaleni musi zostaƒá zamkniƒôta, posz≈Çy ju≈º listy w tej sprawie do Ministra Ziobro. Tu link o tej fundacji:   http://niezalezna.pl/97492-chca-sciagac-imigrantow-do-polski-kto-finansuje-tajemniczy-projekt-refugees-welcome-polska#comment-4436712, podawajcie dalej. Polacy muszƒÖ wiedzieƒá jak szwaby piorƒÖ im m√≥zgi.","TRUE","none","0",2017-04-23 08:54:00,2017-04-23 08:54:00,NA,NA
"11","migration","pl","UCfHDqu3GF5ZqbUentM_f5xg","komunistaCzytalMarksa AntykomunistaZrozumial","https://yt3.ggpht.com/-eHBKB9n9gJQ/AAAAAAAAAAI/AAAAAAAAAAA/lCVPjOhxywY/s28-c-k-no-mo-rj-c0xffffff/photo.jpg","http://www.youtube.com/channel/UCtMsJuY85oL7c1lc297LkqQ","UCtMsJuY85oL7c1lc297LkqQ","-LWyo5YETQM","30 lat temu poprawny politycznie byl Lyskenizm, Komunizm i wyzwolenie proletariatu. Poniewaz to wszystko byly bzdury dla idiotow tzn. Ucisniony Lumpenproletariat zniknal wraz z postepem kapitalizmu, wbrew wszystkim owczesnym lewackim teoriom i wykresom. To trzeba bylo znalesc inny taran, innego ucisnionego ktorym bedzie sie szantazowac sumienia geje lesby murzyni. Lewactwo to tepi naiwniacy sterowani i wykorzystywani przez rozne interesy np. USA szykuje sie na wojne z chinami, wiec oslabia konkurencje czyli UE, realna podstawa UE sa wolne granice. Dlatego zaszantazowano Merkel aby zaprosila troche imigrantow i naiwniaczka sie zgodzila, wtedy odpalono afryke i przyszlo 100 razy wiecej niz sie spodziewala. A zachodniemu lewactwu wmowiono bajki ze uchodzcy sprawia ze nie bedzie wogole granic ani panstw i bedzie fajnie. Multikulturalizm ma dwie fazy, pierwsza utrzymywanie spokoju i tolerancji w kraju za wszelka cene, druga to gdy jest juz dostatecznie duzo mniejszosc a ludzie sa podzieleni i skluceni, wtedy napuszcza sie jednych na drugich. Czarnych na bialych, bialych na muzulmanow, pomaga sie w zamachach. Ludzie sa zajeci, boja, latwo nimi rzadzic. Dlatego wymyslono nacjonalizm aby chronic ludzi przed tym. Multikulturalizm to cofniecie sie o pareset lat.","30 lat temu poprawny politycznie byl Lyskenizm, Komunizm i wyzwolenie proletariatu. Poniewaz to wszystko byly bzdury dla idiotow tzn. Ucisniony Lumpenproletariat zniknal wraz z postepem kapitalizmu, wbrew wszystkim owczesnym lewackim teoriom i wykresom. To trzeba bylo znalesc inny taran, innego ucisnionego ktorym bedzie sie szantazowac sumienia geje lesby murzyni. Lewactwo to tepi naiwniacy sterowani i wykorzystywani przez rozne interesy np. USA szykuje sie na wojne z chinami, wiec oslabia konkurencje czyli UE, realna podstawa UE sa wolne granice. Dlatego zaszantazowano Merkel aby zaprosila troche imigrantow i naiwniaczka sie zgodzila, wtedy odpalono afryke i przyszlo 100 razy wiecej niz sie spodziewala. A zachodniemu lewactwu wmowiono bajki ze uchodzcy sprawia ze nie bedzie wogole granic ani panstw i bedzie fajnie. Multikulturalizm ma dwie fazy, pierwsza utrzymywanie spokoju i tolerancji w kraju za wszelka cene, druga to gdy jest juz dostatecznie duzo mniejszosc a ludzie sa podzieleni i skluceni, wtedy napuszcza sie jednych na drugich. Czarnych na bialych, bialych na muzulmanow, pomaga sie w zamachach. Ludzie sa zajeci, boja, latwo nimi rzadzic. Dlatego wymyslono nacjonalizm aby chronic ludzi przed tym. Multikulturalizm to cofniecie sie o pareset lat.","TRUE","none","0",2016-06-21 12:39:25,2016-06-21 12:39:25,NA,NA
"12","migration","pl","UC_ntaIWaLOutp-eUhcDrp8A","Marek Gadzi≈Ñski","https://yt3.ggpht.com/-Ru_UqklaqGQ/AAAAAAAAAAI/AAAAAAAAAAA/S5I0N1cThYk/s28-c-k-no-mo-rj-c0xffffff/photo.jpg","http://www.youtube.com/channel/UCgbqDKEeCncYays3caJ2D_g","UCgbqDKEeCncYays3caJ2D_g","NLi6Eb6N4lc","Piƒôkny widok<br />üáµüá±üáµüá±üáµüá±üáµüá±üáµüá±<br />üëçüëçüëçüëçüëç","Piƒôkny widok
üáµüá±üáµüá±üáµüá±üáµüá±üáµüá±
üëçüëçüëçüëçüëç","TRUE","none","1",2018-03-19 18:22:47,2018-03-19 18:22:47,NA,NA
"13","migration","pl","UC_ntaIWaLOutp-eUhcDrp8A","Mariola Grzesik","https://yt3.ggpht.com/-wlz3nkT7vQg/AAAAAAAAAAI/AAAAAAAAAAA/FvqsnVGPyi4/s28-c-k-no-mo-rj-c0xffffff/photo.jpg","http://www.youtube.com/channel/UCenrAJdySR5qonRqE8ryP4w","UCenrAJdySR5qonRqE8ryP4w","NLi6Eb6N4lc","Jestem dumna z moich Rodakow ü§óü§óü§ó","Jestem dumna z moich Rodakow ü§óü§óü§ó","TRUE","none","0",2018-03-17 01:33:27,2018-03-17 01:33:27,NA,NA
"14","migration","pl","UC_ntaIWaLOutp-eUhcDrp8A","Jezus Chrystus","https://yt3.ggpht.com/-MeWesIJa0yc/AAAAAAAAAAI/AAAAAAAAAAA/9QLW19Itrg4/s28-c-k-no-mo-rj-c0xffffff/photo.jpg","http://www.youtube.com/channel/UCzyQ9coLBghaVbeVDiNAYrA","UCzyQ9coLBghaVbeVDiNAYrA","NLi6Eb6N4lc","Co za zwierzƒôta was to powinni w klatkach trzymaƒá","Co za zwierzƒôta was to powinni w klatkach trzymaƒá","TRUE","none","0",2018-03-12 20:01:23,2018-03-12 20:01:23,NA,NA
"15","migration","pl","UC_ntaIWaLOutp-eUhcDrp8A","Stefan Batory","https://yt3.ggpht.com/-dcSg-F1jKuo/AAAAAAAAAAI/AAAAAAAAAAA/LwuwvQQei0E/s28-c-k-no-mo-rj-c0xffffff/photo.jpg","http://www.youtube.com/channel/UCFOBlDH_H_jP2XoMY9SM4UA","UCFOBlDH_H_jP2XoMY9SM4UA","NLi6Eb6N4lc","Nic tylko i≈õƒá siƒô zajebaƒá","Nic tylko i≈õƒá siƒô zajebaƒá","TRUE","none","0",2018-03-11 00:00:41,2018-03-11 00:00:41,NA,NA
"16","migration","pl","UC_ntaIWaLOutp-eUhcDrp8A","Agrael 4","https://yt3.ggpht.com/-XgE2egjd7KQ/AAAAAAAAAAI/AAAAAAAAAAA/SlKmwBGbGGw/s28-c-k-no-mo-rj-c0xffffff/photo.jpg","http://www.youtube.com/channel/UCJd0gJ7RyPnu0gojluQs4Cw","UCJd0gJ7RyPnu0gojluQs4Cw","NLi6Eb6N4lc","Jebaƒá Polskƒô","Jebaƒá Polskƒô","TRUE","none","1",2018-03-09 17:23:35,2018-03-09 17:23:35,NA,NA
"17","migration","pl","UC_ntaIWaLOutp-eUhcDrp8A","franol7","https://yt3.ggpht.com/-UmN-bEE9Kes/AAAAAAAAAAI/AAAAAAAAAAA/3Qs7VsMP_I8/s28-c-k-no-mo-rj-c0xffffff/photo.jpg","http://www.youtube.com/channel/UCtDLQNr_1ia1Geo4qBk3X4A","UCtDLQNr_1ia1Geo4qBk3X4A","NLi6Eb6N4lc","<a href=""https://oko.press/zdelegalizowano-onr-1934-zupelnie-innych-powodow-niz-myslicie/"">https://oko.press/zdelegalizowano-onr-1934-zupelnie-innych-powodow-niz-myslicie/</a>","https://oko.press/zdelegalizowano-onr-1934-zupelnie-innych-powodow-niz-myslicie/","TRUE","none","0",2018-03-05 08:56:13,2018-03-05 08:56:13,NA,NA
"18","migration","pl","UC_ntaIWaLOutp-eUhcDrp8A","Jakub Golec","https://yt3.ggpht.com/-ANHP_qzhlHs/AAAAAAAAAAI/AAAAAAAAAAA/sQoNy_CCuZY/s28-c-k-no-mo-rj-c0xffffff/photo.jpg","http://www.youtube.com/channel/UCYLtaYwkQdNGyCUnuWZaXJw","UCYLtaYwkQdNGyCUnuWZaXJw","NLi6Eb6N4lc","Czo≈Çem wielkiej Polsce!","Czo≈Çem wielkiej Polsce!","TRUE","none","1",2018-03-03 15:08:40,2018-03-03 15:08:40,NA,NA
"19","migration","pl","UC_ntaIWaLOutp-eUhcDrp8A","Tolleranza Zero 2015","https://yt3.ggpht.com/-5mLfSII11YM/AAAAAAAAAAI/AAAAAAAAAAA/Ys-0usD7vA4/s28-c-k-no-mo-rj-c0xffffff/photo.jpg","http://www.youtube.com/channel/UC4jC1tMca5OO97FU7N5T13w","UC4jC1tMca5OO97FU7N5T13w","NLi6Eb6N4lc","<a href=""https://youtu.be/j3Nzk1EnN0w"">https://youtu.be/j3Nzk1EnN0w</a>","https://youtu.be/j3Nzk1EnN0w","TRUE","none","0",2018-03-02 22:17:50,2018-03-02 22:17:50,NA,NA
"20","migration","pl","UC_ntaIWaLOutp-eUhcDrp8A","Hex Ide","https://yt3.ggpht.com/-7XIkg0XIdtw/AAAAAAAAAAI/AAAAAAAAAAA/ZJwdpt8_d1g/s28-c-k-no-mo-rj-c0xffffff/photo.jpg","http://www.youtube.com/channel/UC3TGopX218OAzKO1_o0fCKA","UC3TGopX218OAzKO1_o0fCKA","NLi6Eb6N4lc","Mam marzenie, Bo≈ºe je≈õli nas s≈Çyszysz, nar√≥d Polski.<br />Daj naszym rodakom oglƒÖdaƒá WolnƒÖ Polskƒô, o kt√≥rej Oni marzyli i za kt√≥rƒÖ umierali.<br />Niech krew tych przede wszystkim licznych Polskich, ale i Niepolskich mƒôczennik√≥w nie bƒôdzie Ci obojƒôtna.","Mam marzenie, Bo≈ºe je≈õli nas s≈Çyszysz, nar√≥d Polski.
Daj naszym rodakom oglƒÖdaƒá WolnƒÖ Polskƒô, o kt√≥rej Oni marzyli i za kt√≥rƒÖ umierali.
Niech krew tych przede wszystkim licznych Polskich, ale i Niepolskich mƒôczennik√≥w nie bƒôdzie Ci obojƒôtna.","TRUE","none","1",2018-03-02 19:59:51,2018-03-02 19:59:51,NA,NA
"21","migration","pl","UC_ntaIWaLOutp-eUhcDrp8A","–Ø—Ä–æ—Å–ª–∞–≤ –ö–∞—á–∏–Ω—Å–∫–∏–π","https://yt3.ggpht.com/-UJas9VA3aa4/AAAAAAAAAAI/AAAAAAAAAAA/mO4ZFmDe6-0/s28-c-k-no-mo-rj-c0xffffff/photo.jpg","http://www.youtube.com/channel/UCofkZA-4vMVHhTJHZ9MPLZw","UCofkZA-4vMVHhTJHZ9MPLZw","NLi6Eb6N4lc","Niesamowite! Polacy-jestescie wielcy, kto by co nie mowil. Na nastepny masz chce przyjechac do Warszawy z Petersburga by wziac udzial w tym marszu. To naprawde poruszajace ! Wzorowa , godna podziwu jednosc ,najlepszy dowod,na to jak nalezy kochac swoj kraj .U nas w Rosji to malo spotykane zjawisko.Godne glebokiego szacunku!","Niesamowite! Polacy-jestescie wielcy, kto by co nie mowil. Na nastepny masz chce przyjechac do Warszawy z Petersburga by wziac udzial w tym marszu. To naprawde poruszajace ! Wzorowa , godna podziwu jednosc ,najlepszy dowod,na to jak nalezy kochac swoj kraj .U nas w Rosji to malo spotykane zjawisko.Godne glebokiego szacunku!","TRUE","none","1",2018-02-28 17:16:24,2018-02-28 17:16:24,NA,NA
"22","migration","pl","UC_ntaIWaLOutp-eUhcDrp8A","Damian 93","https://yt3.ggpht.com/-DH29CWeA7YA/AAAAAAAAAAI/AAAAAAAAAAA/4KTlPLU6eMg/s28-c-k-no-mo-rj-c0xffffff/photo.jpg","http://www.youtube.com/channel/UCot0rcWs0A4-0cBlZGEVkjA","UCot0rcWs0A4-0cBlZGEVkjA","NLi6Eb6N4lc","Powiem wam szczerze ≈ºe najbardziej to mnie wkurwia ten TVN, nikt nie ma takiej w≈Çadzy aby z tym g√≥wnem zrobiƒá porzƒÖdek. No ludzie kochani. By≈Çem na marszu, widzia≈Çem kto idzie w tym marszu i jakie padajƒÖ has≈Ça a nagle wracam do domu i na drugi dzie≈Ñ dowiaduje siƒô ≈ºe w marszu szli Faszy≈õci i rasi≈õci bo co? bo ludzie krzyczeli Polska dla Polak√≥w? A kurwa dla kogo? To jest jaki≈õ ≈õmiech na sali ≈ºe co≈õ takiego siƒô dzieje. Jeszcze teraz najwiƒôkszy cz≈Çowiek solidarno≈õci wystƒôpuje w telewizji i ... wiadomo kim no i m√≥wi oczywi≈õcie miƒôdzy s≈Çowami ≈ºe trzeba opaliƒá rzƒÖdy PIS. Ludzie, PIS to jedyny rzƒÖd kt√≥ry ma swoje zdanie i nie li≈ºe nikomu dupy tak jak to robi≈Ço PO przez ca≈ÇƒÖ swojƒÖ kadencje i za to ich bardzo szanuje.","Powiem wam szczerze ≈ºe najbardziej to mnie wkurwia ten TVN, nikt nie ma takiej w≈Çadzy aby z tym g√≥wnem zrobiƒá porzƒÖdek. No ludzie kochani. By≈Çem na marszu, widzia≈Çem kto idzie w tym marszu i jakie padajƒÖ has≈Ça a nagle wracam do domu i na drugi dzie≈Ñ dowiaduje siƒô ≈ºe w marszu szli Faszy≈õci i rasi≈õci bo co? bo ludzie krzyczeli Polska dla Polak√≥w? A kurwa dla kogo? To jest jaki≈õ ≈õmiech na sali ≈ºe co≈õ takiego siƒô dzieje. Jeszcze teraz najwiƒôkszy cz≈Çowiek solidarno≈õci wystƒôpuje w telewizji i ... wiadomo kim no i m√≥wi oczywi≈õcie miƒôdzy s≈Çowami ≈ºe trzeba opaliƒá rzƒÖdy PIS. Ludzie, PIS to jedyny rzƒÖd kt√≥ry ma swoje zdanie i nie li≈ºe nikomu dupy tak jak to robi≈Ço PO przez ca≈ÇƒÖ swojƒÖ kadencje i za to ich bardzo szanuje.","TRUE","none","1",2018-02-27 17:30:22,2018-02-27 17:30:22,NA,NA
"23","migration","pl","UC_ntaIWaLOutp-eUhcDrp8A","Tolleranza Zero 2015","https://yt3.ggpht.com/-5mLfSII11YM/AAAAAAAAAAI/AAAAAAAAAAA/Ys-0usD7vA4/s28-c-k-no-mo-rj-c0xffffff/photo.jpg","http://www.youtube.com/channel/UC4jC1tMca5OO97FU7N5T13w","UC4jC1tMca5OO97FU7N5T13w","NLi6Eb6N4lc","Viva Polonia.","Viva Polonia.","TRUE","none","3",2018-02-22 15:31:45,2018-02-22 15:31:45,NA,NA
"24","migration","pl","UC_ntaIWaLOutp-eUhcDrp8A","*KR√ìWKA* Gaming","https://yt3.ggpht.com/-jruaC6EE730/AAAAAAAAAAI/AAAAAAAAAAA/Eim9Ne5PYOE/s28-c-k-no-mo-rj-c0xffffff/photo.jpg","http://www.youtube.com/channel/UCXxdVwDyhsVlrim0uWW3DMw","UCXxdVwDyhsVlrim0uWW3DMw","NLi6Eb6N4lc","To sƒÖ potomkowie nazist√≥w kt√≥rzy w 1939r wywo≈Çali II WOJNE ≈öWIATOWƒÑ tacy ludzie powinni siedzieƒá w pierdlu a nie wyg≈Çaszaƒá swoje skrajno-prawicowe poglƒÖdy","To sƒÖ potomkowie nazist√≥w kt√≥rzy w 1939r wywo≈Çali II WOJNE ≈öWIATOWƒÑ tacy ludzie powinni siedzieƒá w pierdlu a nie wyg≈Çaszaƒá swoje skrajno-prawicowe poglƒÖdy","TRUE","none","0",2018-02-22 08:20:10,2018-02-22 08:20:10,NA,NA
"25","migration","pl","UC_ntaIWaLOutp-eUhcDrp8A","Kuba123 Polak","https://yt3.ggpht.com/-VP6WebJiLLk/AAAAAAAAAAI/AAAAAAAAAAA/2aSIVgAQ8vE/s28-c-k-no-mo-rj-c0xffffff/photo.jpg","http://www.youtube.com/channel/UCz2GXRr6S_JW_UVcsOQ54QQ","UCz2GXRr6S_JW_UVcsOQ54QQ","NLi6Eb6N4lc","üí™üáµüá±üôèüí™üáµüá±üôèüí™üáµüá±üôè","üí™üáµüá±üôèüí™üáµüá±üôèüí™üáµüá±üôè","TRUE","none","0",2018-02-16 16:26:11,2018-02-16 16:26:11,NA,NA
"26","migration","pl","UC_ntaIWaLOutp-eUhcDrp8A","Og√≥rsonek CR","https://yt3.ggpht.com/-NsFeYcVmk_Q/AAAAAAAAAAI/AAAAAAAAAAA/o58qPpK4lVI/s28-c-k-no-mo-rj-c0xffffff/photo.jpg","http://www.youtube.com/channel/UC_CawBGn_eDmq34uAUEKh7w","UC_CawBGn_eDmq34uAUEKh7w","NLi6Eb6N4lc","jebaƒá polske tylko zsrr","jebaƒá polske tylko zsrr","TRUE","none","0",2018-02-13 17:45:02,2018-02-13 17:45:02,NA,NA
"27","migration","pl","UC_ntaIWaLOutp-eUhcDrp8A","vitczak dmc","https://yt3.ggpht.com/-lAWHRMuIXRo/AAAAAAAAAAI/AAAAAAAAAAA/-kHhnFs_3zs/s28-c-k-no-mo-rj-c0xffffff/photo.jpg","http://www.youtube.com/channel/UCIUpxnnoUI0t9BGbOQeFZeg","UCIUpxnnoUI0t9BGbOQeFZeg","NLi6Eb6N4lc","jak umiera narodowiec to jest normalny pogrzeb czy ≈õmieciarka przyje≈ºd≈ºa?","jak umiera narodowiec to jest normalny pogrzeb czy ≈õmieciarka przyje≈ºd≈ºa?","TRUE","none","0",2018-02-12 12:49:15,2018-02-12 12:49:15,NA,NA
"28","migration","pl","UC_ntaIWaLOutp-eUhcDrp8A","COMES MILITI","https://yt3.ggpht.com/-B4NfZYNEuOM/AAAAAAAAAAI/AAAAAAAAAAA/U3lKVUvK6nI/s28-c-k-no-mo-rj-c0xffffff/photo.jpg","http://www.youtube.com/channel/UCj5FomaVIv7rPJH1P0I5O8Q","UCj5FomaVIv7rPJH1P0I5O8Q","NLi6Eb6N4lc","w tym roku bƒôdƒô na marszu","w tym roku bƒôdƒô na marszu","TRUE","none","1",2018-02-09 21:00:41,2018-02-09 21:00:41,NA,NA
"29","migration","pl","UC_ntaIWaLOutp-eUhcDrp8A","Marcin Matlak","https://yt3.ggpht.com/-Ez4I6B7ME4s/AAAAAAAAAAI/AAAAAAAAAAA/Jf2EIZEtrM4/s28-c-k-no-mo-rj-c0xffffff/photo.jpg","http://www.youtube.com/channel/UCaUbDYN2U_BIaIneCdz2dJA","UCaUbDYN2U_BIaIneCdz2dJA","NLi6Eb6N4lc","Rota na hymn! Brzmi jak polska pie≈õ≈Ñ,  s≈Çowa polskie, Polski Duch!!!","Rota na hymn! Brzmi jak polska pie≈õ≈Ñ,  s≈Çowa polskie, Polski Duch!!!","TRUE","none","1",2018-02-09 18:22:54,2018-02-09 18:22:54,NA,NA
"30","migration","pl","UC_ntaIWaLOutp-eUhcDrp8A","Lechita Pomorski","https://yt3.ggpht.com/-TnJHafENQrc/AAAAAAAAAAI/AAAAAAAAAAA/Ou5uU0cj0mM/s28-c-k-no-mo-rj-c0xffffff/photo.jpg","http://www.youtube.com/channel/UCZ2o1sngtav6HMDw9kRkN9Q","UCZ2o1sngtav6HMDw9kRkN9Q","NLi6Eb6N4lc","Onani≈õci ,Niemcy i Rosinie = ONR","Onani≈õci ,Niemcy i Rosinie = ONR","TRUE","none","0",2018-02-08 18:17:37,2018-02-08 18:17:37,NA,NA
"31","migration","pl","UC_ntaIWaLOutp-eUhcDrp8A","larsporsenna13","https://yt3.ggpht.com/-QftveNiRt2w/AAAAAAAAAAI/AAAAAAAAAAA/P6epZRUVh3Y/s28-c-k-no-mo-rj-c0xffffff/photo.jpg","http://www.youtube.com/channel/UCTYnCouzYbHnstvBzITkxQw","UCTYnCouzYbHnstvBzITkxQw","NLi6Eb6N4lc","Dzi≈õ w nocy z lancƒÖ w rƒôku,w husarskim srebrnym stroju.<br />Przez okno brat umar≈Çy ,zaglƒÖda≈Ç do pokoju.<br />Ko≈Ñ jego pod Jaworem bi≈Ç niespokojnie nogƒÖ,huf jego towarzyszy od lasu ciƒÖgnƒÖ≈Ç drogƒÖ.<br />A on swƒÖ srebrnƒÖ rƒôka,zgarniajƒÖc ksiƒô≈ºyc z czo≈Ça.<br />Zza okna wo≈Ça≈Ç do mnie.<br />Wsta≈Ñ bracie polska wo≈Ça.","Dzi≈õ w nocy z lancƒÖ w rƒôku,w husarskim srebrnym stroju.
Przez okno brat umar≈Çy ,zaglƒÖda≈Ç do pokoju.
Ko≈Ñ jego pod Jaworem bi≈Ç niespokojnie nogƒÖ,huf jego towarzyszy od lasu ciƒÖgnƒÖ≈Ç drogƒÖ.
A on swƒÖ srebrnƒÖ rƒôka,zgarniajƒÖc ksiƒô≈ºyc z czo≈Ça.
Zza okna wo≈Ça≈Ç do mnie.
Wsta≈Ñ bracie polska wo≈Ça.","TRUE","none","2",2018-02-04 23:01:13,2018-02-04 23:01:13,NA,NA
"32","migration","pl","UC_ntaIWaLOutp-eUhcDrp8A","Lechita Pomorski","https://yt3.ggpht.com/-TnJHafENQrc/AAAAAAAAAAI/AAAAAAAAAAA/Ou5uU0cj0mM/s28-c-k-no-mo-rj-c0xffffff/photo.jpg","http://www.youtube.com/channel/UCZ2o1sngtav6HMDw9kRkN9Q","UCZ2o1sngtav6HMDw9kRkN9Q","NLi6Eb6N4lc","IdƒÖ faszy≈õci z onr podajƒÖcy siƒô  za Patriot√≥w a Warszawskie s≈Çoiki im wt√≥rujƒÖ","IdƒÖ faszy≈õci z onr podajƒÖcy siƒô  za Patriot√≥w a Warszawskie s≈Çoiki im wt√≥rujƒÖ","TRUE","none","0",2018-01-26 06:07:57,2018-01-26 06:07:57,NA,NA
"33","migration","pl","UC_ntaIWaLOutp-eUhcDrp8A","Marek Cz.","https://yt3.ggpht.com/-uNT5592X3ak/AAAAAAAAAAI/AAAAAAAAAAA/ILIU9J-jZsQ/s28-c-k-no-mo-rj-c0xffffff/photo.jpg","http://www.youtube.com/channel/UCsBS4VQ9FpNYNyhfIlkDmpA","UCsBS4VQ9FpNYNyhfIlkDmpA","NLi6Eb6N4lc","Jak kurwa pierdolony faszysta mo≈ºe byƒá PatriotƒÖ chyba partyjnym idiotom","Jak kurwa pierdolony faszysta mo≈ºe byƒá PatriotƒÖ chyba partyjnym idiotom","TRUE","none","0",2018-01-25 16:33:58,2018-01-25 16:33:58,NA,NA
"34","migration","pl","UC_ntaIWaLOutp-eUhcDrp8A","Szefuniu XD","https://yt3.ggpht.com/-xmZZErsW0ec/AAAAAAAAAAI/AAAAAAAAAAA/aZSAKevK7X0/s28-c-k-no-mo-rj-c0xffffff/photo.jpg","http://www.youtube.com/channel/UCqU3u-WRwn4IxXS_GhPl0iQ","UCqU3u-WRwn4IxXS_GhPl0iQ","NLi6Eb6N4lc","a≈º sie ≈Çzy ciskaja : ( piƒôkne","a≈º sie ≈Çzy ciskaja : ( piƒôkne","TRUE","none","2",2018-01-23 16:51:10,2018-01-23 16:51:10,NA,NA
"35","migration","pl","UC_ntaIWaLOutp-eUhcDrp8A","Vladimir UsRu","https://yt3.ggpht.com/-OSKqhDvH2ww/AAAAAAAAAAI/AAAAAAAAAAA/jmIXgNZ6msY/s28-c-k-no-mo-rj-c0xffffff/photo.jpg","http://www.youtube.com/channel/UC7lr2wbq0Q0x1BqftY-eUIg","UC7lr2wbq0Q0x1BqftY-eUIg","NLi6Eb6N4lc","Pielƒôgnuj te piƒôkne kobiety kt√≥re posiadasz i wyprodukowaƒá 5 dzieci na parƒô.<br /><br />Uwa≈ºaj, aby nie staƒá siƒô ofiarami krzy≈ºowanie ras, tak jak dzieje siƒô to w Brazylii.<br /><br />Los narodu polskiego ma byƒá jednym z kluczowych narod√≥w dla zachowania bia≈Çej rasy.","Pielƒôgnuj te piƒôkne kobiety kt√≥re posiadasz i wyprodukowaƒá 5 dzieci na parƒô.

Uwa≈ºaj, aby nie staƒá siƒô ofiarami krzy≈ºowanie ras, tak jak dzieje siƒô to w Brazylii.

Los narodu polskiego ma byƒá jednym z kluczowych narod√≥w dla zachowania bia≈Çej rasy.","TRUE","none","0",2018-01-19 00:27:28,2018-01-19 00:27:28,NA,NA
"36","migration","pl","UC_ntaIWaLOutp-eUhcDrp8A","wies≈Çawa Pwaliczuk","https://yt3.ggpht.com/-dzbYS6OrX0I/AAAAAAAAAAI/AAAAAAAAAAA/gUG0OHRdWt8/s28-c-k-no-mo-rj-c0xffffff/photo.jpg","http://www.youtube.com/channel/UC5n1w2P2k6lFfiyyD92d3Tw","UC5n1w2P2k6lFfiyyD92d3Tw","NLi6Eb6N4lc","Cudownie i bardzo wzruszajƒÖce, jestem pod wra≈ºeniem, ≈Çzy same p≈ÇynƒÖ. Brawo","Cudownie i bardzo wzruszajƒÖce, jestem pod wra≈ºeniem, ≈Çzy same p≈ÇynƒÖ. Brawo","TRUE","none","2",2018-01-18 15:03:25,2018-01-18 15:03:25,NA,NA
"37","migration","pl","UC_ntaIWaLOutp-eUhcDrp8A","Marcin Maler","https://yt3.ggpht.com/-2PIG7B7O6Vk/AAAAAAAAAAI/AAAAAAAAAAA/Ld8sBbcPpr4/s28-c-k-no-mo-rj-c0xffffff/photo.jpg","http://www.youtube.com/channel/UCOkXt8Xsc8b4IS82yqJ0fng","UCOkXt8Xsc8b4IS82yqJ0fng","NLi6Eb6N4lc","Lza sie kreci w oku razem jestesmy sila trzeba trzymac sie razem","Lza sie kreci w oku razem jestesmy sila trzeba trzymac sie razem","TRUE","none","2",2018-01-16 19:57:24,2018-01-16 19:57:24,NA,NA
"38","migration","pl","UC_ntaIWaLOutp-eUhcDrp8A","DRUGI SORT","https://yt3.ggpht.com/-doMzM0p4YZs/AAAAAAAAAAI/AAAAAAAAAAA/OSPqAzKWsCA/s28-c-k-no-mo-rj-c0xffffff/photo.jpg","http://www.youtube.com/channel/UCVo6Zxv72vVYpBqw5Yo0wPw","UCVo6Zxv72vVYpBqw5Yo0wPw","NLi6Eb6N4lc","Sami rasisci","Sami rasisci","TRUE","none","0",2018-01-09 12:05:15,2018-01-09 12:05:15,NA,NA
"39","migration","pl","UC_ntaIWaLOutp-eUhcDrp8A","scyzoryk","https://yt3.ggpht.com/-4LTXvi9ziVw/AAAAAAAAAAI/AAAAAAAAAAA/VyM1wFLuRas/s28-c-k-no-mo-rj-c0xffffff/photo.jpg","http://www.youtube.com/channel/UC40DBd0WO2JnAU2jmmNuauw","UC40DBd0WO2JnAU2jmmNuauw","NLi6Eb6N4lc","w tym roku muszƒô pojechaƒá na Marszu Niepodleg≈Ço≈õci","w tym roku muszƒô pojechaƒá na Marszu Niepodleg≈Ço≈õci","TRUE","none","1",2018-01-08 17:57:38,2018-01-08 17:57:38,NA,NA
"40","migration","pl","UC_ntaIWaLOutp-eUhcDrp8A","Piotr Dore≈Ñski","https://yt3.ggpht.com/-VFQyF219GkQ/AAAAAAAAAAI/AAAAAAAAAAA/4wvemF_dW5A/s28-c-k-no-mo-rj-c0xffffff/photo.jpg","http://www.youtube.com/channel/UCWczgsheXV-RTs4jFYmJCnA","UCWczgsheXV-RTs4jFYmJCnA","NLi6Eb6N4lc","Nie jestem chrze≈õcijaninem ale kurwa szacunek,chylƒô g≈Çowƒô!!!","Nie jestem chrze≈õcijaninem ale kurwa szacunek,chylƒô g≈Çowƒô!!!","TRUE","none","1",2018-01-07 21:48:00,2018-01-07 21:48:00,NA,NA
"41","migration","pl","UC_ntaIWaLOutp-eUhcDrp8A","MtS BrD si≈Ça,las,patriotyzm.","https://yt3.ggpht.com/-lD0GLnT3w8Q/AAAAAAAAAAI/AAAAAAAAAAA/rjPcObE5QuY/s28-c-k-no-mo-rj-c0xffffff/photo.jpg","http://www.youtube.com/channel/UCnkTank8q9yPX6Nl3YPOqYg","UCnkTank8q9yPX6Nl3YPOqYg","NLi6Eb6N4lc","Duma mnie rozrywa!","Duma mnie rozrywa!","TRUE","none","1",2018-01-05 19:18:52,2018-01-05 19:18:52,NA,NA
"42","migration","pl","UC_ntaIWaLOutp-eUhcDrp8A","Eryk Marcinkowski","https://yt3.ggpht.com/-ZvKIPLgEcNA/AAAAAAAAAAI/AAAAAAAAAAA/SoaMCjUaaag/s28-c-k-no-mo-rj-c0xffffff/photo.jpg","http://www.youtube.com/channel/UCQeOqSqfJt4jxFCN-MnBMjQ","UCQeOqSqfJt4jxFCN-MnBMjQ","NLi6Eb6N4lc","Piƒôkne, po prostu piƒôkne!<br /><br />‚ÄûNie bƒôdzie niemiec plu≈Ç nam w twarz,<br />ni dzieci nam germani≈Ç.<br />Orƒô≈ºem stanie hufiec nasz,<br />duch bƒôdzie nam hetmani≈Ç.<br />P√≥jdziem, gdy zabrzmi z≈Çoty r√≥g.<br />Tak nam dopom√≥≈º B√≥g!<br />Tak nam dopom√≥≈º B√≥g!‚Äù","Piƒôkne, po prostu piƒôkne!

‚ÄûNie bƒôdzie niemiec plu≈Ç nam w twarz,
ni dzieci nam germani≈Ç.
Orƒô≈ºem stanie hufiec nasz,
duch bƒôdzie nam hetmani≈Ç.
P√≥jdziem, gdy zabrzmi z≈Çoty r√≥g.
Tak nam dopom√≥≈º B√≥g!
Tak nam dopom√≥≈º B√≥g!‚Äù","TRUE","none","3",2018-01-03 18:24:45,2018-01-03 18:24:45,NA,NA
"43","migration","pl","UC_ntaIWaLOutp-eUhcDrp8A","Krzysztof Ktorys","https://yt3.ggpht.com/-Usyo71O2Eac/AAAAAAAAAAI/AAAAAAAAAAA/dbK9oXxDL0c/s28-c-k-no-mo-rj-c0xffffff/photo.jpg","http://www.youtube.com/channel/UCtrFAjEPm9Zn6fn7xkQDBbA","UCtrFAjEPm9Zn6fn7xkQDBbA","NLi6Eb6N4lc","Nawet ≈ºo≈Çnie≈ºe  salutujƒÖ chwa≈Ça im za to","Nawet ≈ºo≈Çnie≈ºe  salutujƒÖ chwa≈Ça im za to","TRUE","none","2",2018-01-02 18:59:36,2018-01-02 18:59:36,NA,NA
"44","migration","pl","UC_ntaIWaLOutp-eUhcDrp8A","Death Trvcker 666","https://yt3.ggpht.com/-7eWhzhMI_a4/AAAAAAAAAAI/AAAAAAAAAAA/HJqRJhVSQKI/s28-c-k-no-mo-rj-c0xffffff/photo.jpg","http://www.youtube.com/channel/UC_PhNllSsy3KsaoGLD13XYg","UC_PhNllSsy3KsaoGLD13XYg","NLi6Eb6N4lc","Nie islamska nie katolicka<br />Wielka Polska SATANISTYCZNA!!!","Nie islamska nie katolicka
Wielka Polska SATANISTYCZNA!!!","TRUE","none","2",2017-12-31 11:15:31,2017-12-31 11:27:51,NA,NA
"45","migration","pl","UC_ntaIWaLOutp-eUhcDrp8A","JRewski","https://yt3.ggpht.com/-9AfBlYVCX8o/AAAAAAAAAAI/AAAAAAAAAAA/2RW4Y-vHP8g/s28-c-k-no-mo-rj-c0xffffff/photo.jpg","http://www.youtube.com/channel/UCL27B2H7MiriCR-P6frD3kQ","UCL27B2H7MiriCR-P6frD3kQ","NLi6Eb6N4lc","a≈º ≈Çza siƒô w oku krƒôci b√≥g honor ojczyzna","a≈º ≈Çza siƒô w oku krƒôci b√≥g honor ojczyzna","TRUE","none","2",2017-12-25 22:28:57,2017-12-25 22:28:57,NA,NA
"46","migration","pl","UC_ntaIWaLOutp-eUhcDrp8A","lara aleksander","https://yt3.ggpht.com/-p70ds-Ss8wQ/AAAAAAAAAAI/AAAAAAAAAAA/Zpx-FMgnjcY/s28-c-k-no-mo-rj-c0xffffff/photo.jpg","http://www.youtube.com/channel/UCfSq9p5N0R7T_VECJh0-Epg","UCfSq9p5N0R7T_VECJh0-Epg","NLi6Eb6N4lc","bƒôdƒô tam za rok","bƒôdƒô tam za rok","TRUE","none","2",2017-12-21 20:38:47,2017-12-21 20:38:47,NA,NA
"47","migration","pl","UC_ntaIWaLOutp-eUhcDrp8A","Zbigniew Majorkiewicz","https://yt3.ggpht.com/-39Hwsz0dUZE/AAAAAAAAAAI/AAAAAAAAAAA/e2Ue1o_pPMQ/s28-c-k-no-mo-rj-c0xffffff/photo.jpg","http://www.youtube.com/channel/UCw4nK6s3wiJfGZ8EvPhVb1Q","UCw4nK6s3wiJfGZ8EvPhVb1Q","NLi6Eb6N4lc","&quot;Wiƒôcej ni≈º 3 mln ≈ªyd√≥w zginƒô≈Ço w Polsce i Polacy nie bƒôdƒÖ spadkobiercami polskich ≈ªyd√≥w.<br /> Nigdy na to nie zezwolimy. Bƒôdziemy ich nƒôkaƒá tak d≈Çugo, dop√≥ki Polska siƒô zn√≥w nie<br /> pokryje lodem. Je≈ºeli Polska nie zaspokoi ≈ºydowskich ≈ºƒÖda≈Ñ, bƒôdzie publicznie poni≈ºana <br /> i atakowana na forum miƒôdzynarodowym.&quot;<br /><br />  Israel Singer Dnia 19 kwietnia 1996r. na Swiatowym Kongresie ≈ªyd√≥w","""Wiƒôcej ni≈º 3 mln ≈ªyd√≥w zginƒô≈Ço w Polsce i Polacy nie bƒôdƒÖ spadkobiercami polskich ≈ªyd√≥w.
 Nigdy na to nie zezwolimy. Bƒôdziemy ich nƒôkaƒá tak d≈Çugo, dop√≥ki Polska siƒô zn√≥w nie
 pokryje lodem. Je≈ºeli Polska nie zaspokoi ≈ºydowskich ≈ºƒÖda≈Ñ, bƒôdzie publicznie poni≈ºana 
 i atakowana na forum miƒôdzynarodowym.""

  Israel Singer Dnia 19 kwietnia 1996r. na Swiatowym Kongresie ≈ªyd√≥w","TRUE","none","1",2017-12-20 16:17:49,2017-12-20 16:17:49,NA,NA
"48","migration","pl","UC_ntaIWaLOutp-eUhcDrp8A","Patryk Heidinger","https://yt3.ggpht.com/-MiC65p3nSh0/AAAAAAAAAAI/AAAAAAAAAAA/NmzvqecTIQc/s28-c-k-no-mo-rj-c0xffffff/photo.jpg","http://www.youtube.com/channel/UCzUbJaox9VekzCUpjR-sg6w","UCzUbJaox9VekzCUpjR-sg6w","NLi6Eb6N4lc","Za Polskƒô! Inni nam zazdroszczƒÖ takich marszy (a szczeg√≥lnie Francja i Niemcy)","Za Polskƒô! Inni nam zazdroszczƒÖ takich marszy (a szczeg√≥lnie Francja i Niemcy)","TRUE","none","2",2017-12-20 15:35:49,2017-12-20 15:35:49,NA,NA
"49","migration","pl","UC_ntaIWaLOutp-eUhcDrp8A","Andrzej Kolankiewicz","https://yt3.ggpht.com/-vW_41ZqxhX0/AAAAAAAAAAI/AAAAAAAAAAA/20VsnkwW61o/s28-c-k-no-mo-rj-c0xffffff/photo.jpg","http://www.youtube.com/channel/UCD2z6JFuPSkPtBgza4wofFw","UCD2z6JFuPSkPtBgza4wofFw","NLi6Eb6N4lc","Polacy kochajƒÖ swojƒÖ Ojczyznƒô,","Polacy kochajƒÖ swojƒÖ Ojczyznƒô,","TRUE","none","7",2017-12-16 12:00:50,2017-12-16 12:00:50,NA,NA
"50","migration","pl","UC_ntaIWaLOutp-eUhcDrp8A","scyzoryk","https://yt3.ggpht.com/-4LTXvi9ziVw/AAAAAAAAAAI/AAAAAAAAAAA/VyM1wFLuRas/s28-c-k-no-mo-rj-c0xffffff/photo.jpg","http://www.youtube.com/channel/UC40DBd0WO2JnAU2jmmNuauw","UC40DBd0WO2JnAU2jmmNuauw","NLi6Eb6N4lc","widzƒô ze sƒÖ minusy dawane esbekom sie to nie podoba","widzƒô ze sƒÖ minusy dawane esbekom sie to nie podoba","TRUE","none","1",2017-12-16 08:44:03,2017-12-16 08:44:03,NA,NA
"51","migration","pl","UC_ntaIWaLOutp-eUhcDrp8A","Eagle9294","https://yt3.ggpht.com/-qQiWTFiu0YI/AAAAAAAAAAI/AAAAAAAAAAA/zL9dyrxP4do/s28-c-k-no-mo-rj-c0xffffff/photo.jpg","http://www.youtube.com/channel/UCuBsnW0ZyBc-mLnVONOSV0g","UCuBsnW0ZyBc-mLnVONOSV0g","NLi6Eb6N4lc","Amazing. Proud to be Slavic!","Amazing. Proud to be Slavic!","TRUE","none","1",2017-12-11 18:02:40,2017-12-11 18:02:40,NA,NA
"52","migration","pl","UC_ntaIWaLOutp-eUhcDrp8A","arkadiusz burzy≈Ñski","https://yt3.ggpht.com/-_6h-LkE6KA4/AAAAAAAAAAI/AAAAAAAAAAA/irh1Fh8Vpkc/s28-c-k-no-mo-rj-c0xffffff/photo.jpg","http://www.youtube.com/channel/UCD62SbTCG6coRs84RG64-Ig","UCD62SbTCG6coRs84RG64-Ig","NLi6Eb6N4lc","bylem","bylem","TRUE","none","1",2017-12-09 23:50:59,2017-12-09 23:50:59,NA,NA
"53","migration","pl","UC_ntaIWaLOutp-eUhcDrp8A","Nuclearwaves","https://yt3.ggpht.com/-XZ0-xNCEMBg/AAAAAAAAAAI/AAAAAAAAAAA/qQcKFfdxhK8/s28-c-k-no-mo-rj-c0xffffff/photo.jpg","http://www.youtube.com/channel/UCib_O3Lv7FsjMSCnhuzelkw","UCib_O3Lv7FsjMSCnhuzelkw","NLi6Eb6N4lc","<a href=""https://www.youtube.com/watch?v=ViaK1Pfo6JE"">https://www.youtube.com/watch?v=ViaK1Pfo6JE</a>","https://www.youtube.com/watch?v=ViaK1Pfo6JE","TRUE","none","0",2017-12-09 14:43:45,2017-12-09 14:43:45,NA,NA
"54","migration","pl","UC_ntaIWaLOutp-eUhcDrp8A","jUliA niichan","https://yt3.ggpht.com/-oQti4vzhq7w/AAAAAAAAAAI/AAAAAAAAAAA/9o3Gq6TzzPQ/s28-c-k-no-mo-rj-c0xffffff/photo.jpg","http://www.youtube.com/channel/UCwCRm5a9-infkrrqPtqVe7g","UCwCRm5a9-infkrrqPtqVe7g","NLi6Eb6N4lc","Unia Europejska chce nam to wszystko odebrac-to≈ºsamo≈õƒá narodowƒÖ, kt√≥rƒÖ zastƒôpujƒÖ nienawi≈õciƒÖ i lewactwem. Precz z UE!","Unia Europejska chce nam to wszystko odebrac-to≈ºsamo≈õƒá narodowƒÖ, kt√≥rƒÖ zastƒôpujƒÖ nienawi≈õciƒÖ i lewactwem. Precz z UE!","TRUE","none","2",2017-12-03 16:21:49,2017-12-03 16:21:49,NA,NA
"55","migration","pl","UC_ntaIWaLOutp-eUhcDrp8A","janusz krakowiak","https://yt3.ggpht.com/-L11YZ0bCzEE/AAAAAAAAAAI/AAAAAAAAAAA/vcUGMZaB9cM/s28-c-k-no-mo-rj-c0xffffff/photo.jpg","http://www.youtube.com/channel/UC1XBI8j6AZv_o9lQ3dGvQNQ","UC1XBI8j6AZv_o9lQ3dGvQNQ","NLi6Eb6N4lc","jestem dumny ≈ºe jestem Polakiem","jestem dumny ≈ºe jestem Polakiem","TRUE","none","5",2017-12-02 21:21:52,2017-12-02 21:21:52,NA,NA
"56","migration","pl","UC_ntaIWaLOutp-eUhcDrp8A","krzysztof bahrij","https://yt3.ggpht.com/-z_dnmDwGqdE/AAAAAAAAAAI/AAAAAAAAAAA/t00GSxq4Fp4/s28-c-k-no-mo-rj-c0xffffff/photo.jpg","http://www.youtube.com/channel/UC6mqfPNRiJJnilfBBrCDc1Q","UC6mqfPNRiJJnilfBBrCDc1Q","NLi6Eb6N4lc","Nie Umiem Nic powiedziec......Wole Milczec.....Dziekuje KOCHAM Polakow ‚ù§‚ù§‚ù§","Nie Umiem Nic powiedziec......Wole Milczec.....Dziekuje KOCHAM Polakow ‚ù§‚ù§‚ù§","TRUE","none","4",2017-12-02 15:54:56,2017-12-02 15:54:56,NA,NA
"57","migration","pl","UC_ntaIWaLOutp-eUhcDrp8A","Ma≈Çgorzata Makowska","https://yt3.ggpht.com/-1feISKUhJ5Q/AAAAAAAAAAI/AAAAAAAAAAA/7cm7286GcIU/s28-c-k-no-mo-rj-c0xffffff/photo.jpg","http://www.youtube.com/channel/UCXh5K9x3qb7Oo8Di2p5LMGg","UCXh5K9x3qb7Oo8Di2p5LMGg","NLi6Eb6N4lc","BYLAM WIDZIALAM PRZEZYLAM   WIELKA PATRIOTYCZNA  JEDNOSC.BOG HONOR OJCZYZNA ,DLA MNIE WIELKIE WARTOSCI  POZDRAWIAM PATRIOTOW,DO ZOBACZENIA ZA ROK.","BYLAM WIDZIALAM PRZEZYLAM   WIELKA PATRIOTYCZNA  JEDNOSC.BOG HONOR OJCZYZNA ,DLA MNIE WIELKIE WARTOSCI  POZDRAWIAM PATRIOTOW,DO ZOBACZENIA ZA ROK.","TRUE","none","6",2017-12-02 12:38:20,2017-12-02 12:38:20,NA,NA
"58","migration","pl","UC_ntaIWaLOutp-eUhcDrp8A","Antonio Morena","https://yt3.ggpht.com/-EEkiiP9mqvQ/AAAAAAAAAAI/AAAAAAAAAAA/DglOlRt-faA/s28-c-k-no-mo-rj-c0xffffff/photo.jpg","http://www.youtube.com/channel/UC5TWjJ5D_5iHkU9JNyTiwtw","UC5TWjJ5D_5iHkU9JNyTiwtw","NLi6Eb6N4lc","INFORMOWAƒÜ POLAK√ìW. LUDZIE NIE SƒÑ G≈ÅUPI, WYSTARCZY TYLKO PRZEKAZYWAƒÜ INFORMACJE.<br /><a href=""https://youtu.be/oG7edr-XVvY?t=2h58m22s"">https://youtu.be/oG7edr-XVvY?t=2h58m22s</a>","INFORMOWAƒÜ POLAK√ìW. LUDZIE NIE SƒÑ G≈ÅUPI, WYSTARCZY TYLKO PRZEKAZYWAƒÜ INFORMACJE.
https://youtu.be/oG7edr-XVvY?t=2h58m22s","TRUE","none","1",2017-12-02 12:21:32,2017-12-02 12:21:32,NA,NA
"59","migration","pl","UC_ntaIWaLOutp-eUhcDrp8A","Antonio Morena","https://yt3.ggpht.com/-EEkiiP9mqvQ/AAAAAAAAAAI/AAAAAAAAAAA/DglOlRt-faA/s28-c-k-no-mo-rj-c0xffffff/photo.jpg","http://www.youtube.com/channel/UC5TWjJ5D_5iHkU9JNyTiwtw","UC5TWjJ5D_5iHkU9JNyTiwtw","NLi6Eb6N4lc","UKRYTY HOLOCAKUST NARODU POLSKIEGO ! NAJPIERW POLSKIE DZIECI, POTEM DORO≈öLI.<br /><a href=""https://www.youtube.com/watch?v=uuW-h8MLOTk"">https://www.youtube.com/watch?v=uuW-h8MLOTk</a>","UKRYTY HOLOCAKUST NARODU POLSKIEGO ! NAJPIERW POLSKIE DZIECI, POTEM DORO≈öLI.
https://www.youtube.com/watch?v=uuW-h8MLOTk","TRUE","none","2",2017-12-02 11:53:20,2017-12-02 11:53:20,NA,NA
"60","migration","pl","UC_ntaIWaLOutp-eUhcDrp8A","Marek Klusek","https://yt3.ggpht.com/-6FBdQQ1-gQU/AAAAAAAAAAI/AAAAAAAAAAA/gvBrmkY-MD4/s28-c-k-no-mo-rj-c0xffffff/photo.jpg","http://www.youtube.com/channel/UCLNbsAkeowH8VFOohCKvkKw","UCLNbsAkeowH8VFOohCKvkKw","NLi6Eb6N4lc","Cze≈õƒá Wielkiej Polsce!","Cze≈õƒá Wielkiej Polsce!","TRUE","none","3",2017-12-01 19:57:51,2017-12-01 19:57:51,NA,NA
"61","migration","pl","UC_ntaIWaLOutp-eUhcDrp8A","Koko Kokowski","https://yt3.ggpht.com/-69BVSms76ng/AAAAAAAAAAI/AAAAAAAAAAA/Z5XGNmogvBY/s28-c-k-no-mo-rj-c0xffffff/photo.jpg","http://www.youtube.com/channel/UCHaXHNlkYvarjx3oyfJrR6Q","UCHaXHNlkYvarjx3oyfJrR6Q","NLi6Eb6N4lc","15 lewackich kurew musia≈Ço daƒá ≈Çape w d√≥≈Ç!!!!","15 lewackich kurew musia≈Ço daƒá ≈Çape w d√≥≈Ç!!!!","TRUE","none","2",2017-12-01 19:28:54,2017-12-01 19:28:54,NA,NA
"62","migration","pl","UC_ntaIWaLOutp-eUhcDrp8A","monika zalewska Zalewska","https://yt3.ggpht.com/-dhrj_TdaR_k/AAAAAAAAAAI/AAAAAAAAAAA/RjwCdETXpXU/s28-c-k-no-mo-rj-c0xffffff/photo.jpg","http://www.youtube.com/channel/UCZ9eYt8lFV2R9RzkWOJkf0w","UCZ9eYt8lFV2R9RzkWOJkf0w","NLi6Eb6N4lc","te 15- to kakrocie chzarsko- banderowskie zwykly lachy!","te 15- to kakrocie chzarsko- banderowskie zwykly lachy!","TRUE","none","0",2017-12-01 02:52:01,2017-12-01 02:52:01,NA,NA
"63","migration","pl","UC_ntaIWaLOutp-eUhcDrp8A","ƒÜwieQ Official","https://yt3.ggpht.com/-tb0ivtMBjdg/AAAAAAAAAAI/AAAAAAAAAAA/OFgPguwjoDI/s28-c-k-no-mo-rj-c0xffffff/photo.jpg","http://www.youtube.com/channel/UCYMyGs4nnkybDKvBuXJ4Ozg","UCYMyGs4nnkybDKvBuXJ4Ozg","NLi6Eb6N4lc","ONR to bezm√≥zgie byd≈Ço,kt√≥re by chcia≈Ço sie tylko napierdalaƒá tak samo jak kibole tylko,≈ºe w imie ojczyzny przejawiajƒÖc rasistowskie zapƒôdy i tyle..","ONR to bezm√≥zgie byd≈Ço,kt√≥re by chcia≈Ço sie tylko napierdalaƒá tak samo jak kibole tylko,≈ºe w imie ojczyzny przejawiajƒÖc rasistowskie zapƒôdy i tyle..","TRUE","none","0",2017-11-30 22:47:21,2017-11-30 22:47:21,NA,NA
"64","migration","pl","UC_ntaIWaLOutp-eUhcDrp8A","Jan Kowalski","https://yt3.ggpht.com/-LoMWkz4dAYM/AAAAAAAAAAI/AAAAAAAAAAA/tMgv8TkLH8E/s28-c-k-no-mo-rj-c0xffffff/photo.jpg","http://www.youtube.com/channel/UCeo8mDjzhqFBHO8vQgax0uw","UCeo8mDjzhqFBHO8vQgax0uw","NLi6Eb6N4lc","ROTA  NASZ   HYMN,NIE  MAZUREK  ,PIEKNE     SLOWA  ,NASZE   POLSKIE","ROTA  NASZ   HYMN,NIE  MAZUREK  ,PIEKNE     SLOWA  ,NASZE   POLSKIE","TRUE","none","9",2017-11-30 22:27:41,2017-11-30 22:28:45,NA,NA
"65","migration","pl","UC_ntaIWaLOutp-eUhcDrp8A","MondeXGO","https://yt3.ggpht.com/-nAin-AxfsL4/AAAAAAAAAAI/AAAAAAAAAAA/4XrhxSGk9qc/s28-c-k-no-mo-rj-c0xffffff/photo.jpg","http://www.youtube.com/channel/UCjK51ODckOpmCmghnhuYqvA","UCjK51ODckOpmCmghnhuYqvA","NLi6Eb6N4lc","&quot;Marsz dla rodzin z dzieƒámi&quot;","""Marsz dla rodzin z dzieƒámi""","TRUE","none","1",2017-11-30 18:14:38,2017-11-30 18:14:38,NA,NA
"66","migration","pl","UC_ntaIWaLOutp-eUhcDrp8A","ZiutekS PL","https://yt3.ggpht.com/-6BsEM2T3bQs/AAAAAAAAAAI/AAAAAAAAAAA/cXIrR1iUmv8/s28-c-k-no-mo-rj-c0xffffff/photo.jpg","http://www.youtube.com/channel/UCZ6yzJjYHmaCeO5GTYZFX4g","UCZ6yzJjYHmaCeO5GTYZFX4g","NLi6Eb6N4lc","Polak p≈Çaka≈Ç jak ≈õpiewa≈Ç","Polak p≈Çaka≈Ç jak ≈õpiewa≈Ç","TRUE","none","3",2017-11-30 17:42:34,2017-11-30 17:42:34,NA,NA
"67","migration","pl","UC_ntaIWaLOutp-eUhcDrp8A","Ania Bartos","https://yt3.ggpht.com/-GC2-Z48SCGY/AAAAAAAAAAI/AAAAAAAAAAA/2fZoo6e1uPs/s28-c-k-no-mo-rj-c0xffffff/photo.jpg","http://www.youtube.com/channel/UCLgXrlY7oIy4kVbGzEsx94A","UCLgXrlY7oIy4kVbGzEsx94A","NLi6Eb6N4lc","W Polskiej stolicy bƒôdzie pieknie.Ju≈º zdradzieckie lewackie zdradziejskie elity tego nie zatrzymajƒÖ Ojczyzna to matka kt√≥rƒÖ trzeba szanowaƒá .Uczmy tego nasze dzieci a Polska przetrwa i lewackie ≈õcierwa i islamskie watachy<br />B√ìG HONOR I OJCZYZNA<br />KAZDY MARSZ TO SPOLICZKOWANIE  ZLEWACZA≈ÅEJ UNI EUROPEJSKIEJ RZUCIMY WROGIE UNIJNE LEWACJIE ZDRADZIECKIE ELITY NA PYSK","W Polskiej stolicy bƒôdzie pieknie.Ju≈º zdradzieckie lewackie zdradziejskie elity tego nie zatrzymajƒÖ Ojczyzna to matka kt√≥rƒÖ trzeba szanowaƒá .Uczmy tego nasze dzieci a Polska przetrwa i lewackie ≈õcierwa i islamskie watachy
B√ìG HONOR I OJCZYZNA
KAZDY MARSZ TO SPOLICZKOWANIE  ZLEWACZA≈ÅEJ UNI EUROPEJSKIEJ RZUCIMY WROGIE UNIJNE LEWACJIE ZDRADZIECKIE ELITY NA PYSK","TRUE","none","5",2017-11-29 18:15:49,2017-11-29 18:31:15,NA,NA
"68","migration","pl","UC_ntaIWaLOutp-eUhcDrp8A","Dariusz Karpinski","https://yt3.ggpht.com/-33cSu6cQRwg/AAAAAAAAAAI/AAAAAAAAAAA/eV-uuOTmkGI/s28-c-k-no-mo-rj-c0xffffff/photo.jpg","http://www.youtube.com/channel/UCyghQuhOFS3r4URNwej1-5Q","UCyghQuhOFS3r4URNwej1-5Q","NLi6Eb6N4lc","Polski my nar√≥d Polski r√≥d! Duma Duma Narodowa Duma!","Polski my nar√≥d Polski r√≥d! Duma Duma Narodowa Duma!","TRUE","none","4",2017-11-29 17:40:30,2017-11-29 17:40:30,NA,NA
"69","migration","pl","UC_ntaIWaLOutp-eUhcDrp8A","Max Stone","https://yt3.ggpht.com/-7UlIlhfC2Vw/AAAAAAAAAAI/AAAAAAAAAAA/nOgUcypB9tw/s28-c-k-no-mo-rj-c0xffffff/photo.jpg","http://www.youtube.com/channel/UCowfG5FGKGoIbSY6KkkTXoQ","UCowfG5FGKGoIbSY6KkkTXoQ","NLi6Eb6N4lc","By≈Çem, zosta≈Çem opluty, bo mia≈Çem kowbojki, d≈ºinsy i ramoneskƒô. Jestem motocyklistƒÖ, patriotƒÖ i nacjonalistƒÖ. Dalej wierze w Polskƒô, ale co raz mniej wierze w ludzi.","By≈Çem, zosta≈Çem opluty, bo mia≈Çem kowbojki, d≈ºinsy i ramoneskƒô. Jestem motocyklistƒÖ, patriotƒÖ i nacjonalistƒÖ. Dalej wierze w Polskƒô, ale co raz mniej wierze w ludzi.","TRUE","none","1",2017-11-29 17:26:35,2017-11-29 17:26:35,NA,NA
"70","migration","pl","UC_ntaIWaLOutp-eUhcDrp8A","Sigillum Militum","https://yt3.ggpht.com/--UcmiIYsras/AAAAAAAAAAI/AAAAAAAAAAA/lkEi8eFvfHI/s28-c-k-no-mo-rj-c0xffffff/photo.jpg","http://www.youtube.com/channel/UCdOsEM2-miPfC3_24VxF74A","UCdOsEM2-miPfC3_24VxF74A","NLi6Eb6N4lc","<a href=""https://youtu.be/NjckzPgM2Qg"">https://youtu.be/NjckzPgM2Qg</a> ONR zainteresujcie siƒô tƒÖ sprawƒÖ bo was to te≈º dotyczy.","https://youtu.be/NjckzPgM2Qg ONR zainteresujcie siƒô tƒÖ sprawƒÖ bo was to te≈º dotyczy.","TRUE","none","0",2017-11-29 17:06:06,2017-11-29 17:06:06,NA,NA
"71","migration","pl","UC_ntaIWaLOutp-eUhcDrp8A","Antonio Morena","https://yt3.ggpht.com/-EEkiiP9mqvQ/AAAAAAAAAAI/AAAAAAAAAAA/DglOlRt-faA/s28-c-k-no-mo-rj-c0xffffff/photo.jpg","http://www.youtube.com/channel/UC5TWjJ5D_5iHkU9JNyTiwtw","UC5TWjJ5D_5iHkU9JNyTiwtw","NLi6Eb6N4lc","KURWA MAƒÜ ! JEST GRUBA SPRAWA ! ZABIƒÜ POLSKƒò ! ZABIƒÜ POLAK√ìW ! SZCZEPIONKAMI Z NEUROTOKSYNAMI ! OD 01.12.2017 WCHODZI USTAWA PRZYGOTOWUJƒÑCA DO PRZYMUSOWYCH SZCZEPIE≈É DLA WSZYSTKICH POLAK√ìW, BEZ WZGLƒòDU NA WIEK !<br />TO SƒÑ NIEMIECKIE SZCZEPIONKI. LUDZIE W POLSCE, ZDROWE DZIECI I DORO≈öLI JU≈ª UMIERAJƒÑ PO PODOBNYCH. <br />KURWA MAƒÜ ! OBUD≈πCIE SIƒò !<br /><a href=""https://www.youtube.com/watch?v=J9k-SAcZhz0"">https://www.youtube.com/watch?v=J9k-SAcZhz0</a><br /><a href=""https://youtu.be/syxGOH7Qxg0"">https://youtu.be/syxGOH7Qxg0</a>","KURWA MAƒÜ ! JEST GRUBA SPRAWA ! ZABIƒÜ POLSKƒò ! ZABIƒÜ POLAK√ìW ! SZCZEPIONKAMI Z NEUROTOKSYNAMI ! OD 01.12.2017 WCHODZI USTAWA PRZYGOTOWUJƒÑCA DO PRZYMUSOWYCH SZCZEPIE≈É DLA WSZYSTKICH POLAK√ìW, BEZ WZGLƒòDU NA WIEK !
TO SƒÑ NIEMIECKIE SZCZEPIONKI. LUDZIE W POLSCE, ZDROWE DZIECI I DORO≈öLI JU≈ª UMIERAJƒÑ PO PODOBNYCH. 
KURWA MAƒÜ ! OBUD≈πCIE SIƒò !
https://www.youtube.com/watch?v=J9k-SAcZhz0
https://youtu.be/syxGOH7Qxg0","TRUE","none","3",2017-11-29 11:36:46,2017-12-01 14:32:20,NA,NA
"72","migration","pl","UC_ntaIWaLOutp-eUhcDrp8A","KoKoS Rap","https://yt3.ggpht.com/-2JcNrRGd16k/AAAAAAAAAAI/AAAAAAAAAAA/sGuek99mFtM/s28-c-k-no-mo-rj-c0xffffff/photo.jpg","http://www.youtube.com/channel/UCLpc8BnNXPLisvZ-YNXwiow","UCLpc8BnNXPLisvZ-YNXwiow","NLi6Eb6N4lc","Superrrrr az ciarki przechadza :D czuc to cos","Superrrrr az ciarki przechadza :D czuc to cos","TRUE","none","1",2017-11-28 17:12:29,2017-11-28 17:12:29,NA,NA
"73","migration","pl","UC_ntaIWaLOutp-eUhcDrp8A","Boss Boss","https://yt3.ggpht.com/-zUTedW09jaE/AAAAAAAAAAI/AAAAAAAAAAA/KWlDMH3soRU/s28-c-k-no-mo-rj-c0xffffff/photo.jpg","http://www.youtube.com/channel/UC2B343aem8rrilo1zUiXZeQ","UC2B343aem8rrilo1zUiXZeQ","NLi6Eb6N4lc","≈Åza siƒô w oku krƒôci ...","≈Åza siƒô w oku krƒôci ...","TRUE","none","17",2017-11-27 17:56:44,2017-11-27 17:56:44,NA,NA
"74","migration","pl","UC_ntaIWaLOutp-eUhcDrp8A","HeLL Be hemoth","https://yt3.ggpht.com/-kboomY6ebxY/AAAAAAAAAAI/AAAAAAAAAAA/JkU8PsFVaWA/s28-c-k-no-mo-rj-c0xffffff/photo.jpg","http://www.youtube.com/channel/UCP6Fz2-6Mvw2dLtnF-YrSew","UCP6Fz2-6Mvw2dLtnF-YrSew","NLi6Eb6N4lc","Ten wasz B√≥g w ciele cz≈Çowieka to ≈ºyd zwany Jezusem kt√≥rego ≈ºydzi ukrzy≈ºowali a wy siƒô do niego modlicie :D Brawo,zero logiki :D","Ten wasz B√≥g w ciele cz≈Çowieka to ≈ºyd zwany Jezusem kt√≥rego ≈ºydzi ukrzy≈ºowali a wy siƒô do niego modlicie :D Brawo,zero logiki :D","TRUE","none","0",2017-11-27 16:48:50,2017-11-27 16:48:50,NA,NA
"75","migration","pl","UC_ntaIWaLOutp-eUhcDrp8A","Hubert P≈Çonka","https://yt3.ggpht.com/-_fvtdJLsi3k/AAAAAAAAAAI/AAAAAAAAAAA/q8MkmEfpBVE/s28-c-k-no-mo-rj-c0xffffff/photo.jpg","http://www.youtube.com/channel/UCAIWpMvf8aRrZjHratqSVDA","UCAIWpMvf8aRrZjHratqSVDA","NLi6Eb6N4lc","Za ka≈ºdym razem jak s≈Çyszƒô Rotƒô przechodzƒÖ mnie dreszcze jest to niesamowicie patryjotyczna pie≈õ kocham mojƒÖ ojczyznƒô kocham jej historiiƒô, god≈Ço, flagƒô I NIE POZWOLƒò MIANA POLSKI I WOLNO≈öCI ZGNIE≈öƒÜ!!! üáµüá±HWA≈ÅA WIELKIEJ POLSCE!!!üáµüá± HWA≈ÅA!!!!! üáµüá±","Za ka≈ºdym razem jak s≈Çyszƒô Rotƒô przechodzƒÖ mnie dreszcze jest to niesamowicie patryjotyczna pie≈õ kocham mojƒÖ ojczyznƒô kocham jej historiiƒô, god≈Ço, flagƒô I NIE POZWOLƒò MIANA POLSKI I WOLNO≈öCI ZGNIE≈öƒÜ!!! üáµüá±HWA≈ÅA WIELKIEJ POLSCE!!!üáµüá± HWA≈ÅA!!!!! üáµüá±","TRUE","none","6",2017-11-27 14:04:46,2017-11-27 14:04:46,NA,NA
"76","migration","pl","UC_ntaIWaLOutp-eUhcDrp8A","Pawel Lll","https://yt3.ggpht.com/-rbfGob2cjtg/AAAAAAAAAAI/AAAAAAAAAAA/RGsp0P2rCmc/s28-c-k-no-mo-rj-c0xffffff/photo.jpg","http://www.youtube.com/channel/UCymxtOVTxYNF8IaEJ9zcOrA","UCymxtOVTxYNF8IaEJ9zcOrA","NLi6Eb6N4lc","Jakie macie pomys≈Çy na has≈Ço marszu niepodleg≈Ço≈õci 2018?","Jakie macie pomys≈Çy na has≈Ço marszu niepodleg≈Ço≈õci 2018?","TRUE","none","6",2017-11-26 22:45:44,2017-11-26 22:45:44,NA,NA
"77","migration","pl","UC_ntaIWaLOutp-eUhcDrp8A","Hadriana","https://yt3.ggpht.com/-orpRFnIpXLg/AAAAAAAAAAI/AAAAAAAAAAA/mBXCkoKlTsA/s28-c-k-no-mo-rj-c0xffffff/photo.jpg","http://www.youtube.com/channel/UCHCL5HdA6UmCjjNVliin2pQ","UCHCL5HdA6UmCjjNVliin2pQ","NLi6Eb6N4lc","Piekny Hymn","Piekny Hymn","TRUE","none","4",2017-11-26 22:00:14,2017-11-26 22:00:14,NA,NA
"78","migration","pl","UC_ntaIWaLOutp-eUhcDrp8A","Marysia XD","https://yt3.ggpht.com/-5HbcvHNsLbE/AAAAAAAAAAI/AAAAAAAAAAA/xExplMSId-0/s28-c-k-no-mo-rj-c0xffffff/photo.jpg","http://www.youtube.com/channel/UCuwiJQLXQIZ7O4ADFGu6_1A","UCuwiJQLXQIZ7O4ADFGu6_1A","NLi6Eb6N4lc","ONR-najwiƒôksze g√≥wno, ≈ºyczƒô wszystkiego najgorszego:) ≈ºegnam","ONR-najwiƒôksze g√≥wno, ≈ºyczƒô wszystkiego najgorszego:) ≈ºegnam","TRUE","none","0",2017-11-26 20:24:55,2017-11-26 20:24:55,NA,NA
"79","migration","pl","UC_ntaIWaLOutp-eUhcDrp8A","Atendite a falsis prophetis","https://yt3.ggpht.com/-qakBU_hyPDY/AAAAAAAAAAI/AAAAAAAAAAA/YeG5L1_Aljs/s28-c-k-no-mo-rj-c0xffffff/photo.jpg","http://www.youtube.com/channel/UC51hug_tbFc34I8w6rCmX2Q","UC51hug_tbFc34I8w6rCmX2Q","NLi6Eb6N4lc","Pies was jeba≈Ç czarne onrowskie ≈õmiecie","Pies was jeba≈Ç czarne onrowskie ≈õmiecie","TRUE","none","0",2017-11-26 18:37:35,2017-11-26 18:37:35,NA,NA
"80","migration","pl","UC_ntaIWaLOutp-eUhcDrp8A","Darius Sagittarius","https://yt3.ggpht.com/-2KJtE9fndF4/AAAAAAAAAAI/AAAAAAAAAAA/1nia63c7tfo/s28-c-k-no-mo-rj-c0xffffff/photo.jpg","http://www.youtube.com/channel/UCMYxGAHcq-0zI1cdVbGN9Ew","UCMYxGAHcq-0zI1cdVbGN9Ew","NLi6Eb6N4lc","Piƒôkne !","Piƒôkne !","TRUE","none","8",2017-11-26 01:00:21,2017-11-26 01:00:21,NA,NA
"81","migration","pl","UC_ntaIWaLOutp-eUhcDrp8A","Tom Lakoma","https://yt3.ggpht.com/-ikv8GCNH1V8/AAAAAAAAAAI/AAAAAAAAAAA/4RLZufnA--I/s28-c-k-no-mo-rj-c0xffffff/photo.jpg","http://www.youtube.com/channel/UC-WwfQYsJza-w_f_kNMK1sw","UC-WwfQYsJza-w_f_kNMK1sw","NLi6Eb6N4lc","Wszyscy co post nie lubie to nie policy.!!!!!!","Wszyscy co post nie lubie to nie policy.!!!!!!","TRUE","none","4",2017-11-25 23:01:29,2017-11-25 23:01:59,NA,NA
"82","migration","pl","UC_ntaIWaLOutp-eUhcDrp8A","KaMiL CiO","https://yt3.ggpht.com/-Qbylr08DmVM/AAAAAAAAAAI/AAAAAAAAAAA/Tb9hOn-eJnU/s28-c-k-no-mo-rj-c0xffffff/photo.jpg","http://www.youtube.com/channel/UC3TrO9bmQ81RtjwV6gcMruw","UC3TrO9bmQ81RtjwV6gcMruw","NLi6Eb6N4lc","Tak nam dopom√≥≈º B√≥g .","Tak nam dopom√≥≈º B√≥g .","TRUE","none","11",2017-11-25 17:23:57,2017-11-25 17:23:57,NA,NA
"83","migration","pl","UC_ntaIWaLOutp-eUhcDrp8A","Dariusz P.","https://yt3.ggpht.com/-1txSJ20Uff0/AAAAAAAAAAI/AAAAAAAAAAA/8g8iEmiQkYU/s28-c-k-no-mo-rj-c0xffffff/photo.jpg","http://www.youtube.com/channel/UClmUfWQEgnz_KTpqDZlZryw","UClmUfWQEgnz_KTpqDZlZryw","NLi6Eb6N4lc","To powinien byƒá nasz hymn. CiƒÖgle aktualne.","To powinien byƒá nasz hymn. CiƒÖgle aktualne.","TRUE","none","24",2017-11-25 15:07:34,2017-11-25 15:07:34,NA,NA
"84","migration","pl","UC_ntaIWaLOutp-eUhcDrp8A","Mariusz Kaczorowski","https://yt3.ggpht.com/-0bcOqmdnDWA/AAAAAAAAAAI/AAAAAAAAAAA/AzbjZGhN92o/s28-c-k-no-mo-rj-c0xffffff/photo.jpg","http://www.youtube.com/channel/UC-DjkC_uBAj80vbqQGD8epA","UC-DjkC_uBAj80vbqQGD8epA","NLi6Eb6N4lc","Lza sie w oku kreci, chocbym mial z ziemi wloskiej do Polski na kolanach, to w przyszlym roku jestem! CHWALA WIELKIEJ POLSCE!!!!!!!","Lza sie w oku kreci, chocbym mial z ziemi wloskiej do Polski na kolanach, to w przyszlym roku jestem! CHWALA WIELKIEJ POLSCE!!!!!!!","TRUE","none","7",2017-11-25 10:45:52,2017-11-25 10:45:52,NA,NA
"85","migration","pl","UC_ntaIWaLOutp-eUhcDrp8A","Maria Jordan","https://yt3.ggpht.com/-wHQauQP7s08/AAAAAAAAAAI/AAAAAAAAAAA/utGzE2QlgR4/s28-c-k-no-mo-rj-c0xffffff/photo.jpg","http://www.youtube.com/channel/UCmDGDNL-hc8cD_8raWirpmw","UCmDGDNL-hc8cD_8raWirpmw","NLi6Eb6N4lc","Dumna jestem z mego narodu odzyskujacego swiadomosc kim powinnysmy byc! Pozdrawiam z Kanady, ktora traci urok gdy tak wspaniale rzeczy dzieja sie w Ojczyznie!","Dumna jestem z mego narodu odzyskujacego swiadomosc kim powinnysmy byc! Pozdrawiam z Kanady, ktora traci urok gdy tak wspaniale rzeczy dzieja sie w Ojczyznie!","TRUE","none","20",2017-11-25 05:10:13,2017-11-25 05:19:31,NA,NA
"86","migration","pl","UC_ntaIWaLOutp-eUhcDrp8A","Exxp Exxp","https://yt3.ggpht.com/-SYIIcvIIYU8/AAAAAAAAAAI/AAAAAAAAAAA/Qete7cQvsTE/s28-c-k-no-mo-rj-c0xffffff/photo.jpg","http://www.youtube.com/channel/UC6TJHdDWglc8D2Q_LzZzykQ","UC6TJHdDWglc8D2Q_LzZzykQ","NLi6Eb6N4lc","to powinien byƒá hymn Polski.  mazurek jest juz nieaktualny","to powinien byƒá hymn Polski.  mazurek jest juz nieaktualny","TRUE","none","13",2017-11-24 11:59:14,2017-11-24 11:59:14,NA,NA
"87","migration","pl","UC_ntaIWaLOutp-eUhcDrp8A","Stanis≈Çawa Zapa≈Ça","https://yt3.ggpht.com/-LWhYxV72310/AAAAAAAAAAI/AAAAAAAAAAA/h2UmBKgeAXI/s28-c-k-no-mo-rj-c0xffffff/photo.jpg","http://www.youtube.com/channel/UCM7ZLCy7lQAkXVHTPQbb4OA","UCM7ZLCy7lQAkXVHTPQbb4OA","NLi6Eb6N4lc","Piƒôknie. Chwa≈Ça WIELKIEJ POLSCE.","Piƒôknie. Chwa≈Ça WIELKIEJ POLSCE.","TRUE","none","9",2017-11-23 13:32:33,2017-11-23 13:32:33,NA,NA
"88","migration","pl","UC_ntaIWaLOutp-eUhcDrp8A","LUCYNA KOSSOWSKA","https://yt3.ggpht.com/-zk79JXkF-D4/AAAAAAAAAAI/AAAAAAAAAAA/AJNrSc-OpiY/s28-c-k-no-mo-rj-c0xffffff/photo.jpg","http://www.youtube.com/channel/UCKTDXbhNg0HAv_Nyw_irzeQ","UCKTDXbhNg0HAv_Nyw_irzeQ","NLi6Eb6N4lc","Zawsze, kiedy s≈Çyszƒô Rotƒô, ze wzruszenia jakby mi serce pƒôknƒÖƒá chcia≈Ço... Teraz oglƒÖdajƒÖc Was jƒÖ ≈õpiewajƒÖcych, serce mi pƒôka z rado≈õci, dumy i poczucia wsp√≥lnoty. Dziƒôki!","Zawsze, kiedy s≈Çyszƒô Rotƒô, ze wzruszenia jakby mi serce pƒôknƒÖƒá chcia≈Ço... Teraz oglƒÖdajƒÖc Was jƒÖ ≈õpiewajƒÖcych, serce mi pƒôka z rado≈õci, dumy i poczucia wsp√≥lnoty. Dziƒôki!","TRUE","none","8",2017-11-22 20:27:42,2017-11-22 20:27:42,NA,NA
"89","migration","pl","UC_ntaIWaLOutp-eUhcDrp8A","Adam Trze≈õniewski","https://yt3.ggpht.com/-rUBXcAa-Vyk/AAAAAAAAAAI/AAAAAAAAAAA/8yYM3xn8uWY/s28-c-k-no-mo-rj-c0xffffff/photo.jpg","http://www.youtube.com/channel/UClcdfymN4wP26Lam5ngrSjw","UClcdfymN4wP26Lam5ngrSjw","NLi6Eb6N4lc","piƒôknie BRAWO!!! tak trzymaƒá i nie patrzeƒá na pi..ne lewactwo, kt√≥re w patriotyzmie widzi nazizm!","piƒôknie BRAWO!!! tak trzymaƒá i nie patrzeƒá na pi..ne lewactwo, kt√≥re w patriotyzmie widzi nazizm!","TRUE","none","4",2017-11-21 20:53:53,2017-11-21 20:53:53,NA,NA
"90","migration","pl","UC_ntaIWaLOutp-eUhcDrp8A","mia stan","https://yt3.ggpht.com/-Mew1WafuPPQ/AAAAAAAAAAI/AAAAAAAAAAA/-59Aw9Khue4/s28-c-k-no-mo-rj-c0xffffff/photo.jpg","http://www.youtube.com/channel/UCIh3w0kC5s011JJAKmQO9TQ","UCIh3w0kC5s011JJAKmQO9TQ","NLi6Eb6N4lc","jestem stara kobieta Ale co robi ten rzƒÖd to nie wr√≥≈ºy nic dobrego wpuszczajac ludzi z obcych pa≈Ñstwa to nie jestempewna  czy na drugi rok bƒôdziemy manifestowac  A≈º siƒô serce kraje i p≈Çakaƒá trzeba nad umeczona Polska Gdzie moje dzieci wiele innych sƒÖ na tulaczce poza Polska Chwala Wam m≈Çodym ludziom.","jestem stara kobieta Ale co robi ten rzƒÖd to nie wr√≥≈ºy nic dobrego wpuszczajac ludzi z obcych pa≈Ñstwa to nie jestempewna  czy na drugi rok bƒôdziemy manifestowac  A≈º siƒô serce kraje i p≈Çakaƒá trzeba nad umeczona Polska Gdzie moje dzieci wiele innych sƒÖ na tulaczce poza Polska Chwala Wam m≈Çodym ludziom.","TRUE","none","13",2017-11-20 17:19:59,2017-11-20 17:19:59,NA,NA
"91","migration","pl","UC_ntaIWaLOutp-eUhcDrp8A","Andrzej Andrew","https://yt3.ggpht.com/-2Nwe0-WbiGk/AAAAAAAAAAI/AAAAAAAAAAA/qZTDfzYrF2o/s28-c-k-no-mo-rj-c0xffffff/photo.jpg","http://www.youtube.com/channel/UCnz4x4d1TnkO5maI-K8Bv6w","UCnz4x4d1TnkO5maI-K8Bv6w","NLi6Eb6N4lc","We won&#39;t forsake the land we came from,<br />We won&#39;t let our speech be buried.<br />We are the Polish nation, the Polish people,<br />From the royal line of Piast.<br />We won&#39;t let the enemy oppress us.<br /><br /><br />So help us God!<br />So help us God!<br /><br /><br />To the last blood drop in our veins<br />We will defend our Spirit<br />Till into dust and ash shall fall,<br />The Teutonic Order&#39;s windstorm.<br />Every doorsill shall be a fortress.<br /><br /><br />So help us God!<br />So help us God!<br /><br /><br />The German won&#39;t spit in our face,<br />Nor Germanise our children,<br />Our troop will arise in arms,<br />Spirit will lead the way.<br />We will go when the golden horn sounds.<br /><br /><br />So help us God!<br />So help us God!<br /><br /><br />We won&#39;t have Poland&#39;s name defamed,<br />We won&#39;t step alive into a grave.<br />In Poland&#39;s name, in its honor<br />We lift our foreheads proudly,<br />The grandson will regain his forefathers&#39; land<br /><br /><br />So help us God!<br />So help us God!","We won't forsake the land we came from,
We won't let our speech be buried.
We are the Polish nation, the Polish people,
From the royal line of Piast.
We won't let the enemy oppress us.


So help us God!
So help us God!


To the last blood drop in our veins
We will defend our Spirit
Till into dust and ash shall fall,
The Teutonic Order's windstorm.
Every doorsill shall be a fortress.


So help us God!
So help us God!


The German won't spit in our face,
Nor Germanise our children,
Our troop will arise in arms,
Spirit will lead the way.
We will go when the golden horn sounds.


So help us God!
So help us God!


We won't have Poland's name defamed,
We won't step alive into a grave.
In Poland's name, in its honor
We lift our foreheads proudly,
The grandson will regain his forefathers' land


So help us God!
So help us God!","TRUE","none","4",2017-11-19 21:43:10,2017-11-19 21:43:10,NA,NA
"92","migration","pl","UC_ntaIWaLOutp-eUhcDrp8A","Andrzej Andrew","https://yt3.ggpht.com/-2Nwe0-WbiGk/AAAAAAAAAAI/AAAAAAAAAAA/qZTDfzYrF2o/s28-c-k-no-mo-rj-c0xffffff/photo.jpg","http://www.youtube.com/channel/UCnz4x4d1TnkO5maI-K8Bv6w","UCnz4x4d1TnkO5maI-K8Bv6w","NLi6Eb6N4lc","<a href=""https://www.youtube.com/watch?v=KIDq7vDXpE0"">https://www.youtube.com/watch?v=KIDq7vDXpE0</a>","https://www.youtube.com/watch?v=KIDq7vDXpE0","TRUE","none","0",2017-11-19 21:38:42,2017-11-19 21:38:42,NA,NA
"93","migration","pl","UC_ntaIWaLOutp-eUhcDrp8A","1 kit","https://yt3.ggpht.com/--D8zCyHD3Og/AAAAAAAAAAI/AAAAAAAAAAA/2nqCVlGbP6A/s28-c-k-no-mo-rj-c0xffffff/photo.jpg","http://www.youtube.com/channel/UCV1PIO_uuRhPgdSoeH_gpng","UCV1PIO_uuRhPgdSoeH_gpng","NLi6Eb6N4lc","Oj, wiede≈Ñska faszystowskomaso≈Ñska ku≈∫nia takiej mocy nie osiƒÖgnie.","Oj, wiede≈Ñska faszystowskomaso≈Ñska ku≈∫nia takiej mocy nie osiƒÖgnie.","TRUE","none","3",2017-11-19 20:15:13,2017-11-19 20:15:13,NA,NA
"94","migration","pl","UC_ntaIWaLOutp-eUhcDrp8A","Katharina Herchel","https://yt3.ggpht.com/-FyLaKK9PbYo/AAAAAAAAAAI/AAAAAAAAAAA/9Nrb0w9sOkI/s28-c-k-no-mo-rj-c0xffffff/photo.jpg","http://www.youtube.com/channel/UCuKpw3ESJH354uhy8f0XYIQ","UCuKpw3ESJH354uhy8f0XYIQ","NLi6Eb6N4lc","Ciaryüîù","Ciaryüîù","TRUE","none","9",2017-11-18 18:28:29,2017-11-18 18:28:29,NA,NA
"95","migration","pl","UC_ntaIWaLOutp-eUhcDrp8A","Geralt Riv","https://yt3.ggpht.com/-3G0sghYbaN8/AAAAAAAAAAI/AAAAAAAAAAA/uQJ62THokvc/s28-c-k-no-mo-rj-c0xffffff/photo.jpg","http://www.youtube.com/channel/UCnQG1Zc9FNmTU09wN8NRxRg","UCnQG1Zc9FNmTU09wN8NRxRg","NLi6Eb6N4lc","Jaka≈õ si≈Ça i magia zaklƒôta jest w naszym narodzie. Chwa≈Ça tej jedynej i niepodleg≈Çej.","Jaka≈õ si≈Ça i magia zaklƒôta jest w naszym narodzie. Chwa≈Ça tej jedynej i niepodleg≈Çej.","TRUE","none","66",2017-11-18 16:12:14,2017-11-18 16:12:14,NA,NA
"96","migration","pl","UC_ntaIWaLOutp-eUhcDrp8A","endi10000","https://yt3.ggpht.com/-Y0eCmhGFkow/AAAAAAAAAAI/AAAAAAAAAAA/Yf0PyzGfwHo/s28-c-k-no-mo-rj-c0xffffff/photo.jpg","http://www.youtube.com/channel/UCYc1i6hMnl1mRSOO-_8ea2A","UCYc1i6hMnl1mRSOO-_8ea2A","NLi6Eb6N4lc","Serce ro≈õnie TPN CWP !!!","Serce ro≈õnie TPN CWP !!!","TRUE","none","11",2017-11-18 08:18:20,2017-11-18 08:18:20,NA,NA
"97","migration","pl","UC_ntaIWaLOutp-eUhcDrp8A","kringerLysy","https://yt3.ggpht.com/-NmLnYuyWALI/AAAAAAAAAAI/AAAAAAAAAAA/LgjU6VxTqWQ/s28-c-k-no-mo-rj-c0xffffff/photo.jpg","http://www.youtube.com/channel/UC3tQrnVP8E2DXHX0Ge7WRcg","UC3tQrnVP8E2DXHX0Ge7WRcg","NLi6Eb6N4lc","Piƒôkne","Piƒôkne","TRUE","none","6",2017-11-17 22:45:31,2017-11-17 22:45:31,NA,NA
"98","migration","pl","UC_ntaIWaLOutp-eUhcDrp8A","Polska WalczƒÖca","https://yt3.ggpht.com/-peMmIk5rxqw/AAAAAAAAAAI/AAAAAAAAAAA/rzC-FSEwKGU/s28-c-k-no-mo-rj-c0xffffff/photo.jpg","http://www.youtube.com/channel/UCS1XE64oiGQRhp8ObTAmuMA","UCS1XE64oiGQRhp8ObTAmuMA","NLi6Eb6N4lc","B√≥g, Honor, Ojczyzna!","B√≥g, Honor, Ojczyzna!","TRUE","none","43",2017-11-17 21:21:51,2017-11-17 21:21:51,NA,NA
"99","migration","pl","UC_ntaIWaLOutp-eUhcDrp8A","Bogus≈Çaw Borkowski","https://yt3.ggpht.com/-6pYIhwfwu2E/AAAAAAAAAAI/AAAAAAAAAAA/traBycgCgHM/s28-c-k-no-mo-rj-c0xffffff/photo.jpg","http://www.youtube.com/channel/UCH7oxhm550-Bn4ZWq9Lhrng","UCH7oxhm550-Bn4ZWq9Lhrng","NLi6Eb6N4lc","Do kwi ostatniej  .... !","Do kwi ostatniej  .... !","TRUE","none","10",2017-11-17 20:21:25,2017-11-17 20:21:25,NA,NA
"100","migration","pl","UC_ntaIWaLOutp-eUhcDrp8A","Tds Sbl","https://yt3.ggpht.com/--1znaVlMUA8/AAAAAAAAAAI/AAAAAAAAAAA/Py095hyrBzw/s28-c-k-no-mo-rj-c0xffffff/photo.jpg","http://www.youtube.com/channel/UCGU7oxdiLKHUt3Yy8EdEygw","UCGU7oxdiLKHUt3Yy8EdEygw","NLi6Eb6N4lc","Tak. Super. Do przodu","Tak. Super. Do przodu","TRUE","none","10",2017-11-17 18:15:39,2017-11-17 18:15:39,NA,NA
